사용량갱신횟수,방식,작업,Gas
1,직접전송,직접전송_1,34484
1,제안방식,userDeposit,233927
1,제안방식,operatorDeposit,71419
1,제안방식,settleAndRelease,211270
1,제안방식,claimSettlement,119310
5,직접전송,직접전송_1,34484
5,직접전송,직접전송_2,34484
5,직접전송,직접전송_3,34484
5,직접전송,직접전송_4,34484
5,직접전송,직접전송_5,34484
5,제안방식,userDeposit,233939
5,제안방식,operatorDeposit,71431
5,제안방식,settleAndRelease,211294
5,제안방식,claimSettlement,119322
10,직접전송,직접전송_1,34484
10,직접전송,직접전송_2,34484
10,직접전송,직접전송_3,34484
10,직접전송,직접전송_4,34484
10,직접전송,직접전송_5,34484
10,직접전송,직접전송_6,34484
10,직접전송,직접전송_7,34484
10,직접전송,직접전송_8,34484
10,직접전송,직접전송_9,34484
10,직접전송,직접전송_10,34484
10,제안방식,userDeposit,233939
10,제안방식,operatorDeposit,71431
10,제안방식,settleAndRelease,211294
10,제안방식,claimSettlement,119322
20,직접전송,직접전송_1,34484
20,직접전송,직접전송_2,34484
20,직접전송,직접전송_3,34484
20,직접전송,직접전송_4,34484
20,직접전송,직접전송_5,34484
20,직접전송,직접전송_6,34484
20,직접전송,직접전송_7,34484
20,직접전송,직접전송_8,34484
20,직접전송,직접전송_9,34484
20,직접전송,직접전송_10,34484
20,직접전송,직접전송_11,34484
20,직접전송,직접전송_12,34484
20,직접전송,직접전송_13,34484
20,직접전송,직접전송_14,34484
20,직접전송,직접전송_15,34484
20,직접전송,직접전송_16,34484
20,직접전송,직접전송_17,34484
20,직접전송,직접전송_18,34484
20,직접전송,직접전송_19,34484
20,직접전송,직접전송_20,34484
20,제안방식,userDeposit,233939
20,제안방식,operatorDeposit,71431
20,제안방식,settleAndRelease,211270
20,제안방식,claimSettlement,119322
